Size,Sequential,Parallel Speedup,SIMD Speedup,ParallelSIMD Speedup
32,0.00173,1.08039,3.46596,2.29137
64,0.01982,1.83459,5.01955,9.14040
128,0.11713,3.08719,4.55813,12.77304
256,0.83808,3.80929,4.24677,9.41627
512,6.96721,3.70650,5.64132,17.57077
1024,64.23316,3.89535,6.76859,22.68029
